1,Tomasz Kasprzak,tomasz.kasprzak@email.pl,Gold
2,Hanna Kaczmarek,hanna.kaczmarek@email.pl,Bronze
3,Jan Mikołajczyk,jan.mikolajczyk@email.pl,Silver
4,Igor Lewandowski,igor.lewandowski@email.pl,Silver
5,Krystyna Michalak,krystyna.michalak@email.pl,Gold
6,Justyna Szulc,justyna.szulc@email.pl,Bronze
7,Alan Góra,alan.gora@email.pl,Bronze
8,Gabriel Konopka,gabriel.konopka@email.pl,Silver
9,Emil Wróbel,emil.wrobel@email.pl,Gold
10,Błażej Kaczmarek,blazej.kaczmarek@email.pl,Gold
11,Mateusz Szewczyk,mateusz.szewczyk@email.pl,Silver
12,Marta Bąk,marta.bak@email.pl,Silver
13,Katarzyna Kamiński,katarzyna.kaminski@email.pl,Silver
14,Mateusz Michalak,mateusz.michalak@email.pl,Silver
15,Mirosław Grabowski,miroslaw.grabowski@email.pl,Silver
16,Artur Wasilewski,artur.wasilewski@email.pl,Bronze
17,Franciszek Wojciechowski,franciszek.wojciechowski@email.pl,Bronze
18,Elżbieta Sowa,elzbieta.sowa@email.pl,Silver
19,Karol Michalski,karol.michalski@email.pl,Gold
20,Halina Dudek,halina.dudek@email.pl,Gold
21,Bogdan Wesołowski,bogdan.wesolowski@email.pl,Bronze
22,Mirosław Ślusarczyk,miroslaw.slusarczyk@email.pl,Bronze
23,Dorota Kucharski,dorota.kucharski@email.pl,Gold
24,Alicja Urbaniak,alicja.urbaniak@email.pl,Bronze
25,Filip Malinowski,filip.malinowski@email.pl,Silver
26,Alan Kamiński,alan.kaminski@email.pl,Silver
27,Agnieszka Tomaszewski,agnieszka.tomaszewski@email.pl,Gold
28,Konrad Woźniak,konrad.wozniak@email.pl,Silver
29,Gabriel Kołodziej,gabriel.kolodziej@email.pl,Silver
30,Paweł Duda,pawel.duda@email.pl,Silver
31,Ewelina Zakrzewski,ewelina.zakrzewski@email.pl,Bronze
32,Karol Wróbel,karol.wrobel@email.pl,Silver
33,Dorota Kalinowski,dorota.kalinowski@email.pl,Bronze
34,Beata Kasprzak,beata.kasprzak@email.pl,Silver
35,Daniel Olszewski,daniel.olszewski@email.pl,Gold
36,Konrad Kucharski,konrad.kucharski@email.pl,Bronze
37,Janusz Czarnecki,janusz.czarnecki@email.pl,Bronze
38,Ewelina Włodarczyk,ewelina.wlodarczyk@email.pl,Silver
39,Justyna Bąk,justyna.bak@email.pl,Gold
40,Dariusz Borkowski,dariusz.borkowski@email.pl,Bronze
41,Franciszek Górski,franciszek.gorski@email.pl,Bronze
42,Maciej Brzeziński,maciej.brzezinski@email.pl,Silver
43,Bartosz Stasiak,bartosz.stasiak@email.pl,Gold
44,Daniel Ostrowski,daniel.ostrowski@email.pl,Silver
45,Marcin Gajewski,marcin.gajewski@email.pl,Gold
46,Bartosz Szewczyk,bartosz.szewczyk@email.pl,Bronze
47,Paweł Bąk,pawel.bak@email.pl,Silver
48,Mateusz Szulc,mateusz.szulc@email.pl,Gold
49,Karolina Wesołowski,karolina.wesolowski@email.pl,Gold
50,Antoni Baran,antoni.baran@email.pl,Silver
51,Gabriel Głowacki,gabriel.glowacki@email.pl,Silver
52,Marcin Góra,marcin.gora@email.pl,Silver
53,Hubert Kania,hubert.kania@email.pl,Bronze
54,Monika Kozak,monika.kozak@email.pl,Silver
55,Alan Michalski,alan.michalski@email.pl,Silver
56,Artur Stępień,artur.stepien@email.pl,Bronze
57,Jakub Makowski,jakub.makowski@email.pl,Gold
58,Jerzy Zieliński,jerzy.zielinski@email.pl,Bronze
59,Jacek Kopeć,jacek.kopec@email.pl,Silver
60,Iga Wysocki,iga.wysocki@email.pl,Gold
61,Błażej Makowski,blazej.makowski@email.pl,Gold
62,Maciej Pawłowski,maciej.pawlowski@email.pl,Silver
63,Halina Zalewski,halina.zalewski@email.pl,Gold
64,Edyta Mikołajczyk,edyta.mikolajczyk@email.pl,Gold
65,Katarzyna Jarosz,katarzyna.jarosz@email.pl,Gold
66,Filip Jankowski,filip.jankowski@email.pl,Bronze
67,Jacek Lewandowski,jacek.lewandowski@email.pl,Bronze
68,Kamil Kozłowski,kamil.kozlowski@email.pl,Silver
69,Karolina Szatkowski,karolina.szatkowski@email.pl,Silver
70,Krystian Zakrzewski,krystian.zakrzewski@email.pl,Gold
71,Bartosz Wawrzyniak,bartosz.wawrzyniak@email.pl,Bronze
72,Jarosław Pawlak,jaroslaw.pawlak@email.pl,Bronze
73,Szymon Jankowski,szymon.jankowski@email.pl,Silver
74,Kamil Kędzierski,kamil.kedzierski@email.pl,Bronze
75,Grzegorz Pawłowski,grzegorz.pawlowski@email.pl,Bronze
76,Damian Laskowski,damian.laskowski@email.pl,Gold
77,Błażej Woźniak,blazej.wozniak@email.pl,Silver
78,Józef Nowakowski,jozef.nowakowski@email.pl,Silver
79,Małgorzata Szulc,malgorzata.szulc@email.pl,Silver
80,Monika Góra,monika.gora@email.pl,Silver
81,Beata Urbaniak,beata.urbaniak@email.pl,Gold
82,Kacper Lewandowski,kacper.lewandowski@email.pl,Silver
83,Halina Bąk,halina.bak@email.pl,Silver
84,Weronika Górski,weronika.gorski@email.pl,Bronze
85,Agata Szymański,agata.szymanski@email.pl,Silver
86,Maria Sawicki,maria.sawicki@email.pl,Bronze
87,Edyta Szulc,edyta.szulc@email.pl,Silver
88,Magdalena Urbaniak,magdalena.urbaniak@email.pl,Bronze
89,Bożena Makowski,bozena.makowski@email.pl,Bronze
90,Patryk Makowski,patryk.makowski@email.pl,Silver
91,Weronika Sadowski,weronika.sadowski@email.pl,Bronze
92,Beata Szatkowski,beata.szatkowski@email.pl,Gold
93,Hubert Kucharski,hubert.kucharski@email.pl,Silver
94,Anna Kowalski,anna.kowalski@email.pl,Silver
95,Adam Sobczak,adam.sobczak@email.pl,Silver
96,Zofia Kalinowski,zofia.kalinowski@email.pl,Silver
97,Radosław Olszewski,radoslaw.olszewski@email.pl,Bronze
98,Krystyna Baran,krystyna.baran@email.pl,Silver
99,Patryk Gajewski,patryk.gajewski@email.pl,Silver
100,Kacper Jabłoński,kacper.jablonski@email.pl,Silver
101,Hanna Sowa,hanna.sowa@email.pl,Silver
102,Beata Dudek,beata.dudek@email.pl,Bronze
103,Mateusz Pawlak,mateusz.pawlak@email.pl,Silver
104,Barbara Lis,barbara.lis@email.pl,Gold
105,Dariusz Malinowski,dariusz.malinowski@email.pl,Silver
106,Filip Tomaszewski,filip.tomaszewski@email.pl,Bronze
107,Natalia Kowal,natalia.kowal@email.pl,Gold
108,Radosław Łuczak,radoslaw.luczak@email.pl,Bronze
109,Gabriel Borkowski,gabriel.borkowski@email.pl,Gold
110,Tomasz Mróz,tomasz.mroz@email.pl,Bronze
111,Danuta Kwiatkowski,danuta.kwiatkowski@email.pl,Gold
112,Kamil Kozak,kamil.kozak@email.pl,Bronze
113,Konrad Góra,konrad.gora@email.pl,Gold
114,Szymon Jarosz,szymon.jarosz@email.pl,Gold
115,Zofia Zakrzewski,zofia.zakrzewski@email.pl,Bronze
116,Antoni Kowalski,antoni.kowalski@email.pl,Gold
117,Małgorzata Karpiński,malgorzata.karpinski@email.pl,Silver
118,Elżbieta Jankowski,elzbieta.jankowski@email.pl,Gold
119,Łukasz Makowski,lukasz.makowski@email.pl,Bronze
120,Edyta Bąk,edyta.bak@email.pl,Silver
121,Adrian Marciniak,adrian.marciniak@email.pl,Silver
122,Grzegorz Jabłoński,grzegorz.jablonski@email.pl,Gold
123,Andrzej Kania,andrzej.kania@email.pl,Silver
124,Tomasz Wojciechowski,tomasz.wojciechowski@email.pl,Gold
125,Arkadiusz Mróz,arkadiusz.mroz@email.pl,Bronze
126,Stanisław Lis,stanislaw.lis@email.pl,Bronze
127,Kacper Gajewski,kacper.gajewski@email.pl,Bronze
128,Andrzej Jakubowski,andrzej.jakubowski@email.pl,Silver
129,Dariusz Mróz,dariusz.mroz@email.pl,Gold
130,Jerzy Grabowski,jerzy.grabowski@email.pl,Bronze
131,Maciej Karpiński,maciej.karpinski@email.pl,Silver
132,Małgorzata Grabowski,malgorzata.grabowski@email.pl,Silver
133,Szymon Sobczak,szymon.sobczak@email.pl,Bronze
134,Tomasz Wójcik,tomasz.wojcik@email.pl,Gold
135,Oskar Kaczmarek,oskar.kaczmarek@email.pl,Silver
136,Przemysław Szatkowski,przemyslaw.szatkowski@email.pl,Silver
137,Katarzyna Michalski,katarzyna.michalski@email.pl,Gold
138,Sebastian Laskowski,sebastian.laskowski@email.pl,Bronze
139,Patryk Tomaszewski,patryk.tomaszewski@email.pl,Bronze
140,Monika Walczak,monika.walczak@email.pl,Bronze
141,Dorota Lis,dorota.lis@email.pl,Gold
142,Kamil Makowski,kamil.makowski@email.pl,Bronze
143,Jakub Kowalski,jakub.kowalski@email.pl,Silver
144,Sebastian Sadowski,sebastian.sadowski@email.pl,Bronze
145,Danuta Kowalski,danuta.kowalski@email.pl,Bronze
146,Dominik Dąbrowski,dominik.dabrowski@email.pl,Gold
147,Maciej Stasiak,maciej.stasiak@email.pl,Silver
148,Karol Czarnecki,karol.czarnecki@email.pl,Silver
149,Maria Wojciechowski,maria.wojciechowski@email.pl,Bronze
150,Elżbieta Szulc,elzbieta.szulc@email.pl,Gold
151,Mieczysław Lewandowski,mieczyslaw.lewandowski@email.pl,Silver
152,Dawid Jabłoński,dawid.jablonski@email.pl,Bronze
153,Piotr Baran,piotr.baran@email.pl,Silver
154,Wiktor Grabowski,wiktor.grabowski@email.pl,Silver
155,Ewa Nowak,ewa.nowak@email.pl,Silver
156,Kamil Kozłowski,kamil.kozlowski@email.pl,Bronze
157,Jakub Wysocki,jakub.wysocki@email.pl,Gold
158,Antoni Szatkowski,antoni.szatkowski@email.pl,Gold
159,Nikodem Jabłoński,nikodem.jablonski@email.pl,Bronze
160,Czesław Olszewski,czeslaw.olszewski@email.pl,Silver
161,Jacek Wieczorek,jacek.wieczorek@email.pl,Bronze
162,Dawid Nowak,dawid.nowak@email.pl,Bronze
163,Dominik Piotrowski,dominik.piotrowski@email.pl,Bronze
164,Bartosz Wójcik,bartosz.wojcik@email.pl,Bronze
165,Janusz Sawicki,janusz.sawicki@email.pl,Bronze
166,Adam Wysocki,adam.wysocki@email.pl,Bronze
167,Ewa Duda,ewa.duda@email.pl,Silver
168,Marta Szczepański,marta.szczepanski@email.pl,Gold
169,Bożena Gajewski,bozena.gajewski@email.pl,Gold
170,Agata Wysocki,agata.wysocki@email.pl,Bronze
171,Hubert Król,hubert.krol@email.pl,Gold
172,Stanisław Mikołajczyk,stanislaw.mikolajczyk@email.pl,Bronze
173,Halina Malinowski,halina.malinowski@email.pl,Silver
174,Antoni Makowski,antoni.makowski@email.pl,Silver
175,Jakub Michalak,jakub.michalak@email.pl,Bronze
176,Monika Wieczorek,monika.wieczorek@email.pl,Gold
177,Bartosz Kaczmarek,bartosz.kaczmarek@email.pl,Gold
178,Przemysław Sikora,przemyslaw.sikora@email.pl,Silver
179,Maria Kalinowski,maria.kalinowski@email.pl,Bronze
180,Przemysław Kowalski,przemyslaw.kowalski@email.pl,Bronze
181,Irena Szczepański,irena.szczepanski@email.pl,Silver
182,Alan Stasiak,alan.stasiak@email.pl,Silver
183,Jan Kucharski,jan.kucharski@email.pl,Gold
184,Karolina Brzeziński,karolina.brzezinski@email.pl,Bronze
185,Czesław Karpiński,czeslaw.karpinski@email.pl,Silver
186,Damian Wieczorek,damian.wieczorek@email.pl,Silver
187,Stanisław Mróz,stanislaw.mroz@email.pl,Silver
188,Irena Sadowski,irena.sadowski@email.pl,Silver
189,Jan Kucharski,jan.kucharski@email.pl,Silver
190,Weronika Kwiatkowski,weronika.kwiatkowski@email.pl,Bronze
191,Oliwia Lewandowski,oliwia.lewandowski@email.pl,Gold
192,Arkadiusz Kozłowski,arkadiusz.kozlowski@email.pl,Gold
193,Zofia Górski,zofia.gorski@email.pl,Silver
194,Artur Jabłoński,artur.jablonski@email.pl,Silver
195,Mariusz Głowacki,mariusz.glowacki@email.pl,Bronze
196,Radosław Stępień,radoslaw.stepien@email.pl,Gold
197,Hanna Laskowski,hanna.laskowski@email.pl,Bronze
198,Edyta Zakrzewski,edyta.zakrzewski@email.pl,Silver
199,Iga Wróblewski,iga.wroblewski@email.pl,Silver
200,Oliwia Sobczak,oliwia.sobczak@email.pl,Gold
201,Jerzy Brzeziński,jerzy.brzezinski@email.pl,Gold
202,Dorota Kania,dorota.kania@email.pl,Gold
203,Olaf Jasiński,olaf.jasinski@email.pl,Silver
204,Krzysztof Wasilewski,krzysztof.wasilewski@email.pl,Gold
205,Danuta Jarosz,danuta.jarosz@email.pl,Bronze
206,Łukasz Stępień,lukasz.stepien@email.pl,Silver
207,Oliwia Mikołajczyk,oliwia.mikolajczyk@email.pl,Bronze
208,Daniel Kowalczyk,daniel.kowalczyk@email.pl,Bronze
209,Mariusz Wieczorek,mariusz.wieczorek@email.pl,Bronze
210,Monika Urbański,monika.urbanski@email.pl,Bronze
211,Mirosław Bąk,miroslaw.bak@email.pl,Bronze
212,Natalia Stępień,natalia.stepien@email.pl,Bronze
213,Antoni Czarnecki,antoni.czarnecki@email.pl,Gold
214,Iga Nowak,iga.nowak@email.pl,Silver
215,Adrian Sadowski,adrian.sadowski@email.pl,Bronze
216,Mariusz Wesołowski,mariusz.wesolowski@email.pl,Bronze
217,Piotr Zalewski,piotr.zalewski@email.pl,Gold
218,Irena Kędzierski,irena.kedzierski@email.pl,Gold
219,Artur Król,artur.krol@email.pl,Gold
220,Kamil Piotrowski,kamil.piotrowski@email.pl,Bronze
221,Przemysław Konopka,przemyslaw.konopka@email.pl,Gold
222,Krzysztof Stępień,krzysztof.stepien@email.pl,Gold
223,Łukasz Mikołajczyk,lukasz.mikolajczyk@email.pl,Silver
224,Monika Piotrowski,monika.piotrowski@email.pl,Gold
225,Łukasz Michalski,lukasz.michalski@email.pl,Bronze
226,Mirosław Ślusarczyk,miroslaw.slusarczyk@email.pl,Gold
227,Marek Wójcik,marek.wojcik@email.pl,Bronze
228,Agnieszka Nowicki,agnieszka.nowicki@email.pl,Silver
229,Edward Włodarczyk,edward.wlodarczyk@email.pl,Silver
230,Ewa Pawłowski,ewa.pawlowski@email.pl,Bronze
231,Czesław Sobczak,czeslaw.sobczak@email.pl,Gold
232,Marta Kowal,marta.kowal@email.pl,Gold
233,Bogdan Urbaniak,bogdan.urbaniak@email.pl,Bronze
234,Monika Ostrowski,monika.ostrowski@email.pl,Bronze
235,Grzegorz Nowicki,grzegorz.nowicki@email.pl,Silver
236,Damian Sobczak,damian.sobczak@email.pl,Silver
237,Zofia Sadowski,zofia.sadowski@email.pl,Gold
238,Iwona Marciniak,iwona.marciniak@email.pl,Silver
239,Bogdan Góra,bogdan.gora@email.pl,Silver
240,Ewa Karpiński,ewa.karpinski@email.pl,Gold
241,Joanna Baran,joanna.baran@email.pl,Gold
242,Gabriel Wesołowski,gabriel.wesolowski@email.pl,Gold
243,Grzegorz Wieczorek,grzegorz.wieczorek@email.pl,Gold
244,Klaudia Kasprzak,klaudia.kasprzak@email.pl,Bronze
245,Krystyna Zieliński,krystyna.zielinski@email.pl,Gold
246,Patryk Kowalski,patryk.kowalski@email.pl,Silver
247,Justyna Gajewski,justyna.gajewski@email.pl,Bronze
248,Julia Baran,julia.baran@email.pl,Bronze
249,Iga Bąk,iga.bak@email.pl,Silver
250,Beata Krawczyk,beata.krawczyk@email.pl,Gold
251,Maciej Dudek,maciej.dudek@email.pl,Silver
252,Jacek Michalski,jacek.michalski@email.pl,Bronze
253,Roksana Ostrowski,roksana.ostrowski@email.pl,Gold
254,Marta Wierzbicki,marta.wierzbicki@email.pl,Silver
255,Krzysztof Nowakowski,krzysztof.nowakowski@email.pl,Silver
256,Anna Ostrowski,anna.ostrowski@email.pl,Silver
257,Halina Majewski,halina.majewski@email.pl,Gold
258,Iga Jabłoński,iga.jablonski@email.pl,Silver
259,Adam Urbaniak,adam.urbaniak@email.pl,Gold
260,Magdalena Sowa,magdalena.sowa@email.pl,Gold
261,Roksana Zieliński,roksana.zielinski@email.pl,Silver
262,Filip Szulc,filip.szulc@email.pl,Bronze
263,Robert Gajewski,robert.gajewski@email.pl,Gold
264,Jan Michalak,jan.michalak@email.pl,Bronze
265,Aleksander Zając,aleksander.zajac@email.pl,Bronze
266,Aleksander Konopka,aleksander.konopka@email.pl,Silver
267,Tomasz Łuczak,tomasz.luczak@email.pl,Bronze
268,Małgorzata Sawicki,malgorzata.sawicki@email.pl,Gold
269,Cezary Szatkowski,cezary.szatkowski@email.pl,Bronze
270,Karolina Przybylski,karolina.przybylski@email.pl,Silver
271,Anna Urbański,anna.urbanski@email.pl,Bronze
272,Emil Walczak,emil.walczak@email.pl,Bronze
273,Joanna Mazur,joanna.mazur@email.pl,Silver
274,Kamil Zieliński,kamil.zielinski@email.pl,Gold
275,Bogdan Wierzbicki,bogdan.wierzbicki@email.pl,Silver
276,Bartosz Zieliński,bartosz.zielinski@email.pl,Gold
277,Wiktor Woźniak,wiktor.wozniak@email.pl,Gold
278,Błażej Sokołowski,blazej.sokolowski@email.pl,Silver
279,Radosław Pietrzak,radoslaw.pietrzak@email.pl,Silver
280,Edward Tomaszewski,edward.tomaszewski@email.pl,Gold
281,Konrad Jankowski,konrad.jankowski@email.pl,Silver
282,Klaudia Włodarczyk,klaudia.wlodarczyk@email.pl,Bronze
283,Kacper Śliwiński,kacper.sliwinski@email.pl,Bronze
284,Jerzy Grabowski,jerzy.grabowski@email.pl,Silver
285,Aleksander Sowa,aleksander.sowa@email.pl,Gold
286,Zofia Głowacki,zofia.glowacki@email.pl,Silver
287,Damian Mazur,damian.mazur@email.pl,Silver
288,Hubert Sobczak,hubert.sobczak@email.pl,Bronze
289,Piotr Tomaszewski,piotr.tomaszewski@email.pl,Silver
290,Dominik Jankowski,dominik.jankowski@email.pl,Gold
291,Iwona Kwiatkowski,iwona.kwiatkowski@email.pl,Gold
292,Jerzy Jasiński,jerzy.jasinski@email.pl,Silver
293,Wiktor Sikora,wiktor.sikora@email.pl,Bronze
294,Damian Sikora,damian.sikora@email.pl,Bronze
295,Wojciech Laskowski,wojciech.laskowski@email.pl,Gold
296,Konrad Sokołowski,konrad.sokolowski@email.pl,Gold
297,Marek Nowicki,marek.nowicki@email.pl,Bronze
298,Cezary Wróbel,cezary.wrobel@email.pl,Bronze
299,Marta Tomaszewski,marta.tomaszewski@email.pl,Bronze
300,Tomasz Klimczak,tomasz.klimczak@email.pl,Bronze
301,Mariusz Konopka,mariusz.konopka@email.pl,Gold
302,Jarosław Jankowski,jaroslaw.jankowski@email.pl,Gold
303,Klaudia Duda,klaudia.duda@email.pl,Gold
304,Hubert Kowal,hubert.kowal@email.pl,Gold
305,Marek Kowal,marek.kowal@email.pl,Gold
306,Krzysztof Olszewski,krzysztof.olszewski@email.pl,Silver
307,Barbara Dudek,barbara.dudek@email.pl,Silver
308,Anna Zieliński,anna.zielinski@email.pl,Silver
309,Alan Gajewski,alan.gajewski@email.pl,Silver
310,Mateusz Czarnecki,mateusz.czarnecki@email.pl,Gold
311,Piotr Nowakowski,piotr.nowakowski@email.pl,Silver
312,Alicja Duda,alicja.duda@email.pl,Silver
313,Maria Wójcik,maria.wojcik@email.pl,Silver
314,Jarosław Wieczorek,jaroslaw.wieczorek@email.pl,Gold
315,Kacper Zakrzewski,kacper.zakrzewski@email.pl,Bronze
316,Roksana Michalak,roksana.michalak@email.pl,Bronze
317,Tomasz Kowalski,tomasz.kowalski@email.pl,Gold
318,Edyta Sowa,edyta.sowa@email.pl,Silver
319,Filip Zieliński,filip.zielinski@email.pl,Silver
320,Bartosz Jabłoński,bartosz.jablonski@email.pl,Bronze
321,Janusz Pawłowski,janusz.pawlowski@email.pl,Bronze
322,Karolina Kopeć,karolina.kopec@email.pl,Silver
323,Radosław Piotrowski,radoslaw.piotrowski@email.pl,Gold
324,Kamil Kędzierski,kamil.kedzierski@email.pl,Bronze
325,Joanna Sikora,joanna.sikora@email.pl,Bronze
326,Dariusz Sawicki,dariusz.sawicki@email.pl,Silver
327,Nikodem Lis,nikodem.lis@email.pl,Bronze
328,Wiktor Szczepański,wiktor.szczepanski@email.pl,Bronze
329,Mariusz Sawicki,mariusz.sawicki@email.pl,Bronze
330,Błażej Zieliński,blazej.zielinski@email.pl,Silver
331,Kazimierz Wróbel,kazimierz.wrobel@email.pl,Silver
332,Hanna Szymański,hanna.szymanski@email.pl,Gold
333,Roksana Wróblewski,roksana.wroblewski@email.pl,Bronze
334,Oskar Olszewski,oskar.olszewski@email.pl,Silver
335,Beata Przybylski,beata.przybylski@email.pl,Silver
336,Marek Król,marek.krol@email.pl,Bronze
337,Krzysztof Zając,krzysztof.zajac@email.pl,Gold
338,Czesław Kędzierski,czeslaw.kedzierski@email.pl,Silver
339,Mieczysław Brzeziński,mieczyslaw.brzezinski@email.pl,Bronze
340,Arkadiusz Sikora,arkadiusz.sikora@email.pl,Silver
341,Paweł Wesołowski,pawel.wesolowski@email.pl,Bronze
342,Jacek Kaczmarek,jacek.kaczmarek@email.pl,Silver
343,Sebastian Pietrzak,sebastian.pietrzak@email.pl,Bronze
344,Katarzyna Szymański,katarzyna.szymanski@email.pl,Gold
345,Artur Czarnecki,artur.czarnecki@email.pl,Bronze
346,Beata Wojciechowski,beata.wojciechowski@email.pl,Silver
347,Joanna Karpiński,joanna.karpinski@email.pl,Silver
348,Edyta Przybylski,edyta.przybylski@email.pl,Gold
349,Wiktor Jabłoński,wiktor.jablonski@email.pl,Gold
350,Magdalena Baran,magdalena.baran@email.pl,Bronze
351,Halina Mikołajczyk,halina.mikolajczyk@email.pl,Bronze
352,Adam Szczepański,adam.szczepanski@email.pl,Silver
353,Iwona Śliwiński,iwona.sliwinski@email.pl,Gold
354,Roksana Sawicki,roksana.sawicki@email.pl,Gold
355,Mariusz Gajewski,mariusz.gajewski@email.pl,Silver
356,Hubert Wesołowski,hubert.wesolowski@email.pl,Silver
357,Marek Zalewski,marek.zalewski@email.pl,Gold
358,Artur Sadowski,artur.sadowski@email.pl,Bronze
359,Mariusz Głowacki,mariusz.glowacki@email.pl,Gold
360,Daniel Zalewski,daniel.zalewski@email.pl,Gold
361,Damian Malinowski,damian.malinowski@email.pl,Silver
362,Daniel Mikołajczyk,daniel.mikolajczyk@email.pl,Bronze
363,Jarosław Krawczyk,jaroslaw.krawczyk@email.pl,Gold
364,Jakub Kaczmarek,jakub.kaczmarek@email.pl,Silver
365,Wiktor Mikołajczyk,wiktor.mikolajczyk@email.pl,Gold
366,Olaf Sawicki,olaf.sawicki@email.pl,Gold
367,Radosław Kowalski,radoslaw.kowalski@email.pl,Gold
368,Magdalena Sawicki,magdalena.sawicki@email.pl,Gold
369,Magdalena Kędzierski,magdalena.kedzierski@email.pl,Silver
370,Edyta Olszewski,edyta.olszewski@email.pl,Gold
371,Aleksander Sawicki,aleksander.sawicki@email.pl,Bronze
372,Daniel Kamiński,daniel.kaminski@email.pl,Silver
373,Elżbieta Sobczak,elzbieta.sobczak@email.pl,Bronze
374,Piotr Urbaniak,piotr.urbaniak@email.pl,Gold
375,Alan Malinowski,alan.malinowski@email.pl,Bronze
376,Zofia Bąk,zofia.bak@email.pl,Silver
377,Marta Jaworski,marta.jaworski@email.pl,Gold
378,Iga Kędzierski,iga.kedzierski@email.pl,Gold
379,Bożena Wysocki,bozena.wysocki@email.pl,Bronze
380,Jarosław Pawlak,jaroslaw.pawlak@email.pl,Gold
381,Jakub Konopka,jakub.konopka@email.pl,Gold
382,Iwona Szymański,iwona.szymanski@email.pl,Gold
383,Sebastian Góra,sebastian.gora@email.pl,Gold
384,Mariusz Dudek,mariusz.dudek@email.pl,Bronze
385,Agnieszka Kwiatkowski,agnieszka.kwiatkowski@email.pl,Gold
386,Iga Wróblewski,iga.wroblewski@email.pl,Bronze
387,Agata Wysocki,agata.wysocki@email.pl,Gold
388,Olaf Szatkowski,olaf.szatkowski@email.pl,Silver
389,Dominik Grzelak,dominik.grzelak@email.pl,Bronze
390,Anna Brzeziński,anna.brzezinski@email.pl,Silver
391,Rafał Czarnecki,rafal.czarnecki@email.pl,Silver
392,Grzegorz Kucharski,grzegorz.kucharski@email.pl,Gold
393,Błażej Dąbrowski,blazej.dabrowski@email.pl,Silver
394,Marcin Pawłowski,marcin.pawlowski@email.pl,Gold
395,Aleksander Kozak,aleksander.kozak@email.pl,Bronze
396,Krzysztof Sadowski,krzysztof.sadowski@email.pl,Silver
397,Czesław Kowal,czeslaw.kowal@email.pl,Bronze
398,Patryk Kwiatkowski,patryk.kwiatkowski@email.pl,Gold
399,Elżbieta Sawicki,elzbieta.sawicki@email.pl,Silver
400,Daniel Śliwiński,daniel.sliwinski@email.pl,Silver
401,Wojciech Sawicki,wojciech.sawicki@email.pl,Gold
402,Hanna Malinowski,hanna.malinowski@email.pl,Gold
403,Karolina Makowski,karolina.makowski@email.pl,Silver
404,Danuta Piotrowski,danuta.piotrowski@email.pl,Gold
405,Artur Kędzierski,artur.kedzierski@email.pl,Silver
406,Igor Chmielewski,igor.chmielewski@email.pl,Bronze
407,Alan Czarnecki,alan.czarnecki@email.pl,Silver
408,Wojciech Ostrowski,wojciech.ostrowski@email.pl,Gold
409,Franciszek Szczepański,franciszek.szczepanski@email.pl,Silver
410,Oliwia Kędzierski,oliwia.kedzierski@email.pl,Bronze
411,Bożena Gajewski,bozena.gajewski@email.pl,Silver
412,Danuta Jankowski,danuta.jankowski@email.pl,Silver
413,Katarzyna Kowal,katarzyna.kowal@email.pl,Silver
414,Bożena Nowakowski,bozena.nowakowski@email.pl,Silver
415,Maciej Sawicki,maciej.sawicki@email.pl,Silver
416,Konrad Makowski,konrad.makowski@email.pl,Bronze
417,Oskar Jaworski,oskar.jaworski@email.pl,Bronze
418,Cezary Ślusarczyk,cezary.slusarczyk@email.pl,Bronze
419,Dawid Brzeziński,dawid.brzezinski@email.pl,Silver
420,Andrzej Głowacki,andrzej.glowacki@email.pl,Bronze
421,Barbara Zalewski,barbara.zalewski@email.pl,Bronze
422,Marcin Borkowski,marcin.borkowski@email.pl,Gold
423,Kamil Mazur,kamil.mazur@email.pl,Silver
424,Robert Ostrowski,robert.ostrowski@email.pl,Gold
425,Janusz Szewczyk,janusz.szewczyk@email.pl,Silver
426,Julia Makowski,julia.makowski@email.pl,Bronze
427,Przemysław Kozak,przemyslaw.kozak@email.pl,Gold
428,Dominik Lewandowski,dominik.lewandowski@email.pl,Silver
429,Mirosław Pawlak,miroslaw.pawlak@email.pl,Gold
430,Michał Górski,michal.gorski@email.pl,Bronze
431,Elżbieta Adamczyk,elzbieta.adamczyk@email.pl,Gold
432,Joanna Adamczyk,joanna.adamczyk@email.pl,Gold
433,Agnieszka Gajewski,agnieszka.gajewski@email.pl,Gold
434,Małgorzata Wróblewski,malgorzata.wroblewski@email.pl,Gold
435,Klaudia Kopeć,klaudia.kopec@email.pl,Bronze
436,Krystyna Wojciechowski,krystyna.wojciechowski@email.pl,Gold
437,Szymon Konopka,szymon.konopka@email.pl,Bronze
438,Barbara Sadowski,barbara.sadowski@email.pl,Silver
439,Antoni Ślusarczyk,antoni.slusarczyk@email.pl,Bronze
440,Franciszek Kamiński,franciszek.kaminski@email.pl,Silver
441,Wojciech Duda,wojciech.duda@email.pl,Gold
442,Artur Kowalski,artur.kowalski@email.pl,Gold
443,Anna Czerwiński,anna.czerwinski@email.pl,Silver
444,Edward Nowicki,edward.nowicki@email.pl,Silver
445,Igor Szczepański,igor.szczepanski@email.pl,Gold
446,Alicja Konopka,alicja.konopka@email.pl,Gold
447,Jarosław Czerwiński,jaroslaw.czerwinski@email.pl,Silver
448,Jan Wawrzyniak,jan.wawrzyniak@email.pl,Gold
449,Igor Pawłowski,igor.pawlowski@email.pl,Gold
450,Jacek Duda,jacek.duda@email.pl,Bronze
451,Marcin Kędzierski,marcin.kedzierski@email.pl,Bronze
452,Aleksander Nowakowski,aleksander.nowakowski@email.pl,Silver
453,Julia Majewski,julia.majewski@email.pl,Bronze
454,Patryk Szatkowski,patryk.szatkowski@email.pl,Silver
455,Alicja Kucharski,alicja.kucharski@email.pl,Bronze
456,Joanna Pietrzak,joanna.pietrzak@email.pl,Silver
457,Weronika Grabowski,weronika.grabowski@email.pl,Gold
458,Klaudia Sobczak,klaudia.sobczak@email.pl,Gold
459,Grzegorz Kamiński,grzegorz.kaminski@email.pl,Bronze
460,Marcin Mazur,marcin.mazur@email.pl,Bronze
461,Karolina Laskowski,karolina.laskowski@email.pl,Gold
462,Ewa Dudek,ewa.dudek@email.pl,Gold
463,Artur Dudek,artur.dudek@email.pl,Bronze
464,Oliwia Szewczyk,oliwia.szewczyk@email.pl,Gold
465,Barbara Nowakowski,barbara.nowakowski@email.pl,Gold
466,Jakub Michalski,jakub.michalski@email.pl,Bronze
467,Julia Szulc,julia.szulc@email.pl,Bronze
468,Jarosław Sokołowski,jaroslaw.sokolowski@email.pl,Gold
469,Ewa Zalewski,ewa.zalewski@email.pl,Gold
470,Agnieszka Kasprzak,agnieszka.kasprzak@email.pl,Bronze
471,Stanisław Pawłowski,stanislaw.pawlowski@email.pl,Bronze
472,Nikodem Głowacki,nikodem.glowacki@email.pl,Bronze
473,Ewa Góra,ewa.gora@email.pl,Silver
474,Czesław Chmielewski,czeslaw.chmielewski@email.pl,Silver
475,Jakub Stępień,jakub.stepien@email.pl,Bronze
476,Mateusz Lewandowski,mateusz.lewandowski@email.pl,Gold
477,Józef Wróbel,jozef.wrobel@email.pl,Gold
478,Czesław Kaczmarek,czeslaw.kaczmarek@email.pl,Gold
479,Cezary Ślusarczyk,cezary.slusarczyk@email.pl,Bronze
480,Danuta Kucharski,danuta.kucharski@email.pl,Bronze
481,Jacek Kopeć,jacek.kopec@email.pl,Silver
482,Oskar Bąk,oskar.bak@email.pl,Bronze
483,Karol Góra,karol.gora@email.pl,Gold
484,Gabriel Karpiński,gabriel.karpinski@email.pl,Gold
485,Przemysław Kamiński,przemyslaw.kaminski@email.pl,Silver
486,Adam Krawczyk,adam.krawczyk@email.pl,Gold
487,Gabriel Wróbel,gabriel.wrobel@email.pl,Silver
488,Krystian Kozłowski,krystian.kozlowski@email.pl,Silver
489,Jacek Lewandowski,jacek.lewandowski@email.pl,Silver
490,Alan Nowicki,alan.nowicki@email.pl,Bronze
491,Jacek Wojciechowski,jacek.wojciechowski@email.pl,Gold
492,Emil Brzeziński,emil.brzezinski@email.pl,Silver
493,Wiktor Łuczak,wiktor.luczak@email.pl,Silver
494,Mateusz Wysocki,mateusz.wysocki@email.pl,Bronze
495,Hubert Kasprzak,hubert.kasprzak@email.pl,Silver
496,Grzegorz Ślusarczyk,grzegorz.slusarczyk@email.pl,Silver
497,Weronika Krawczyk,weronika.krawczyk@email.pl,Gold
498,Emil Urbański,emil.urbanski@email.pl,Bronze
499,Bożena Klimczak,bozena.klimczak@email.pl,Bronze
500,Olaf Kozak,olaf.kozak@email.pl,Silver
501,Julia Urbaniak,julia.urbaniak@email.pl,Bronze
502,Tomasz Głowacki,tomasz.glowacki@email.pl,Gold
503,Iwona Szczepański,iwona.szczepanski@email.pl,Bronze
504,Dariusz Konopka,dariusz.konopka@email.pl,Silver
505,Krzysztof Kucharski,krzysztof.kucharski@email.pl,Gold
506,Marta Kozak,marta.kozak@email.pl,Bronze
507,Arkadiusz Czerwiński,arkadiusz.czerwinski@email.pl,Bronze
508,Stanisław Wojciechowski,stanislaw.wojciechowski@email.pl,Silver
509,Justyna Michalski,justyna.michalski@email.pl,Gold
510,Arkadiusz Duda,arkadiusz.duda@email.pl,Bronze
511,Edyta Nowak,edyta.nowak@email.pl,Gold
512,Dariusz Olszewski,dariusz.olszewski@email.pl,Gold
513,Michał Wierzbicki,michal.wierzbicki@email.pl,Silver
514,Jakub Michalak,jakub.michalak@email.pl,Gold
515,Konrad Przybylski,konrad.przybylski@email.pl,Bronze
516,Nikodem Wasilewski,nikodem.wasilewski@email.pl,Gold
517,Dariusz Zając,dariusz.zajac@email.pl,Bronze
518,Radosław Marciniak,radoslaw.marciniak@email.pl,Bronze
519,Wiktor Kopeć,wiktor.kopec@email.pl,Gold
520,Rafał Kowalski,rafal.kowalski@email.pl,Gold
521,Edward Kasprzak,edward.kasprzak@email.pl,Bronze
522,Halina Karpiński,halina.karpinski@email.pl,Gold
523,Ewa Szczepański,ewa.szczepanski@email.pl,Gold
524,Karolina Wierzbicki,karolina.wierzbicki@email.pl,Bronze
525,Kacper Ostrowski,kacper.ostrowski@email.pl,Silver
526,Nikodem Kędzierski,nikodem.kedzierski@email.pl,Bronze
527,Barbara Adamczyk,barbara.adamczyk@email.pl,Gold
528,Olaf Bąk,olaf.bak@email.pl,Silver
529,Damian Urbaniak,damian.urbaniak@email.pl,Bronze
530,Bartosz Zakrzewski,bartosz.zakrzewski@email.pl,Silver
531,Iwona Tomaszewski,iwona.tomaszewski@email.pl,Gold
532,Michał Przybylski,michal.przybylski@email.pl,Gold
533,Julia Przybylski,julia.przybylski@email.pl,Bronze
534,Czesław Wesołowski,czeslaw.wesolowski@email.pl,Silver
535,Czesław Kozak,czeslaw.kozak@email.pl,Gold
536,Danuta Stasiak,danuta.stasiak@email.pl,Silver
537,Radosław Sadowski,radoslaw.sadowski@email.pl,Silver
538,Julia Majewski,julia.majewski@email.pl,Gold
539,Hubert Czerwiński,hubert.czerwinski@email.pl,Bronze
540,Magdalena Ślusarczyk,magdalena.slusarczyk@email.pl,Gold
541,Beata Zalewski,beata.zalewski@email.pl,Bronze
542,Karolina Szulc,karolina.szulc@email.pl,Silver
543,Weronika Olszewski,weronika.olszewski@email.pl,Bronze
544,Dominik Dąbrowski,dominik.dabrowski@email.pl,Silver
545,Antoni Kozak,antoni.kozak@email.pl,Gold
546,Weronika Kowal,weronika.kowal@email.pl,Bronze
547,Paweł Baran,pawel.baran@email.pl,Bronze
548,Błażej Ostrowski,blazej.ostrowski@email.pl,Gold
549,Daniel Kowal,daniel.kowal@email.pl,Bronze
550,Oliwia Szczepański,oliwia.szczepanski@email.pl,Gold
551,Adrian Sobczak,adrian.sobczak@email.pl,Gold
552,Marta Brzeziński,marta.brzezinski@email.pl,Gold
553,Krystyna Chmielewski,krystyna.chmielewski@email.pl,Silver
554,Cezary Lis,cezary.lis@email.pl,Bronze
555,Julia Klimczak,julia.klimczak@email.pl,Bronze
556,Dorota Duda,dorota.duda@email.pl,Gold
557,Elżbieta Wieczorek,elzbieta.wieczorek@email.pl,Gold
558,Edward Kowalski,edward.kowalski@email.pl,Silver
559,Alicja Zakrzewski,alicja.zakrzewski@email.pl,Bronze
560,Arkadiusz Jabłoński,arkadiusz.jablonski@email.pl,Bronze
561,Emil Kania,emil.kania@email.pl,Bronze
562,Monika Olszewski,monika.olszewski@email.pl,Gold
563,Michał Jaworski,michal.jaworski@email.pl,Gold
564,Mirosław Kędzierski,miroslaw.kedzierski@email.pl,Bronze
565,Czesław Walczak,czeslaw.walczak@email.pl,Bronze
566,Jarosław Kania,jaroslaw.kania@email.pl,Bronze
567,Emil Marciniak,emil.marciniak@email.pl,Bronze
568,Hanna Makowski,hanna.makowski@email.pl,Gold
569,Hubert Kaczmarek,hubert.kaczmarek@email.pl,Bronze
570,Hubert Brzeziński,hubert.brzezinski@email.pl,Silver
571,Maciej Zieliński,maciej.zielinski@email.pl,Bronze
572,Patryk Kędzierski,patryk.kedzierski@email.pl,Silver
573,Bogdan Kucharski,bogdan.kucharski@email.pl,Silver
574,Roksana Dąbrowski,roksana.dabrowski@email.pl,Bronze
575,Szymon Szulc,szymon.szulc@email.pl,Silver
576,Cezary Jaworski,cezary.jaworski@email.pl,Gold
577,Ewelina Michalski,ewelina.michalski@email.pl,Gold
578,Alan Michalski,alan.michalski@email.pl,Silver
579,Paweł Górski,pawel.gorski@email.pl,Gold
580,Maria Górski,maria.gorski@email.pl,Silver
581,Hubert Kozłowski,hubert.kozlowski@email.pl,Gold
582,Kacper Czarnecki,kacper.czarnecki@email.pl,Silver
583,Stanisław Jaworski,stanislaw.jaworski@email.pl,Silver
584,Magdalena Adamczyk,magdalena.adamczyk@email.pl,Gold
585,Filip Wróblewski,filip.wroblewski@email.pl,Silver
586,Barbara Wróbel,barbara.wrobel@email.pl,Gold
587,Karol Przybylski,karol.przybylski@email.pl,Bronze
588,Irena Brzeziński,irena.brzezinski@email.pl,Bronze
589,Natalia Karpiński,natalia.karpinski@email.pl,Bronze
590,Agata Kaczmarek,agata.kaczmarek@email.pl,Bronze
591,Oskar Chmielewski,oskar.chmielewski@email.pl,Gold
592,Arkadiusz Ostrowski,arkadiusz.ostrowski@email.pl,Bronze
593,Dawid Piotrowski,dawid.piotrowski@email.pl,Bronze
594,Justyna Mróz,justyna.mroz@email.pl,Bronze
595,Edyta Król,edyta.krol@email.pl,Silver
596,Antoni Przybylski,antoni.przybylski@email.pl,Silver
597,Marcin Lewandowski,marcin.lewandowski@email.pl,Gold
598,Danuta Kopeć,danuta.kopec@email.pl,Silver
599,Iga Dąbrowski,iga.dabrowski@email.pl,Bronze
600,Filip Gajewski,filip.gajewski@email.pl,Silver
601,Roksana Kamiński,roksana.kaminski@email.pl,Bronze
602,Joanna Górski,joanna.gorski@email.pl,Gold
603,Oskar Szulc,oskar.szulc@email.pl,Gold
604,Marek Jaworski,marek.jaworski@email.pl,Silver
605,Agata Krawczyk,agata.krawczyk@email.pl,Silver
606,Igor Nowak,igor.nowak@email.pl,Bronze
607,Ewelina Ślusarczyk,ewelina.slusarczyk@email.pl,Gold
608,Małgorzata Czerwiński,malgorzata.czerwinski@email.pl,Gold
609,Weronika Michalak,weronika.michalak@email.pl,Silver
610,Maria Walczak,maria.walczak@email.pl,Silver
611,Jarosław Kozak,jaroslaw.kozak@email.pl,Bronze
612,Zofia Jakubowski,zofia.jakubowski@email.pl,Gold
613,Józef Szulc,jozef.szulc@email.pl,Gold
614,Dorota Wójcik,dorota.wojcik@email.pl,Gold
615,Czesław Sowa,czeslaw.sowa@email.pl,Gold
616,Jarosław Przybylski,jaroslaw.przybylski@email.pl,Silver
617,Arkadiusz Sobczak,arkadiusz.sobczak@email.pl,Silver
618,Barbara Dąbrowski,barbara.dabrowski@email.pl,Silver
619,Marta Kędzierski,marta.kedzierski@email.pl,Gold
620,Stanisław Makowski,stanislaw.makowski@email.pl,Silver
621,Ewa Baran,ewa.baran@email.pl,Silver
622,Jan Gajewski,jan.gajewski@email.pl,Gold
623,Stanisław Krawczyk,stanislaw.krawczyk@email.pl,Silver
624,Jacek Śliwiński,jacek.sliwinski@email.pl,Silver
625,Szymon Wróbel,szymon.wrobel@email.pl,Silver
626,Mieczysław Szewczyk,mieczyslaw.szewczyk@email.pl,Silver
627,Oliwia Michalak,oliwia.michalak@email.pl,Silver
628,Alicja Czerwiński,alicja.czerwinski@email.pl,Silver
629,Elżbieta Nowak,elzbieta.nowak@email.pl,Silver
630,Oskar Ostrowski,oskar.ostrowski@email.pl,Silver
631,Rafał Wierzbicki,rafal.wierzbicki@email.pl,Gold
632,Konrad Sawicki,konrad.sawicki@email.pl,Gold
633,Czesław Kowalczyk,czeslaw.kowalczyk@email.pl,Bronze
634,Marcin Adamczyk,marcin.adamczyk@email.pl,Bronze
635,Piotr Kamiński,piotr.kaminski@email.pl,Silver
636,Dorota Michalski,dorota.michalski@email.pl,Silver
637,Adrian Łuczak,adrian.luczak@email.pl,Gold
638,Natalia Kędzierski,natalia.kedzierski@email.pl,Gold
639,Danuta Szymański,danuta.szymanski@email.pl,Bronze
640,Arkadiusz Kamiński,arkadiusz.kaminski@email.pl,Bronze
641,Wojciech Urbaniak,wojciech.urbaniak@email.pl,Silver
642,Krzysztof Zając,krzysztof.zajac@email.pl,Silver
643,Irena Grzelak,irena.grzelak@email.pl,Bronze
644,Anna Pawlak,anna.pawlak@email.pl,Bronze
645,Piotr Kalinowski,piotr.kalinowski@email.pl,Silver
646,Konrad Czarnecki,konrad.czarnecki@email.pl,Gold
647,Emil Nowak,emil.nowak@email.pl,Silver
648,Elżbieta Chmielewski,elzbieta.chmielewski@email.pl,Bronze
649,Paweł Jakubowski,pawel.jakubowski@email.pl,Bronze
650,Aleksander Sadowski,aleksander.sadowski@email.pl,Silver
651,Małgorzata Góra,malgorzata.gora@email.pl,Silver
652,Adrian Lewandowski,adrian.lewandowski@email.pl,Gold
653,Mieczysław Przybylski,mieczyslaw.przybylski@email.pl,Gold
654,Andrzej Dąbrowski,andrzej.dabrowski@email.pl,Bronze
655,Małgorzata Jakubowski,malgorzata.jakubowski@email.pl,Silver
656,Weronika Dąbrowski,weronika.dabrowski@email.pl,Silver
657,Marta Kozłowski,marta.kozlowski@email.pl,Bronze
658,Krystyna Walczak,krystyna.walczak@email.pl,Gold
659,Barbara Wasilewski,barbara.wasilewski@email.pl,Silver
660,Robert Wieczorek,robert.wieczorek@email.pl,Silver
661,Adam Piotrowski,adam.piotrowski@email.pl,Gold
662,Jacek Kowalski,jacek.kowalski@email.pl,Bronze
663,Halina Grabowski,halina.grabowski@email.pl,Bronze
664,Mirosław Jarosz,miroslaw.jarosz@email.pl,Bronze
665,Antoni Michalak,antoni.michalak@email.pl,Gold
666,Weronika Wasilewski,weronika.wasilewski@email.pl,Gold
667,Weronika Konopka,weronika.konopka@email.pl,Silver
668,Irena Łuczak,irena.luczak@email.pl,Gold
669,Rafał Michalski,rafal.michalski@email.pl,Gold
670,Janusz Łuczak,janusz.luczak@email.pl,Silver
671,Jarosław Mikołajczyk,jaroslaw.mikolajczyk@email.pl,Gold
672,Artur Szatkowski,artur.szatkowski@email.pl,Gold
673,Igor Jaworski,igor.jaworski@email.pl,Gold
674,Mieczysław Czarnecki,mieczyslaw.czarnecki@email.pl,Bronze
675,Mariusz Ostrowski,mariusz.ostrowski@email.pl,Bronze
676,Hubert Nowak,hubert.nowak@email.pl,Bronze
677,Alan Mróz,alan.mroz@email.pl,Silver
678,Irena Piotrowski,irena.piotrowski@email.pl,Bronze
679,Hanna Kamiński,hanna.kaminski@email.pl,Gold
680,Iga Gajewski,iga.gajewski@email.pl,Silver
681,Jerzy Kozak,jerzy.kozak@email.pl,Silver
682,Monika Kopeć,monika.kopec@email.pl,Bronze
683,Jan Kalinowski,jan.kalinowski@email.pl,Bronze
684,Jan Jabłoński,jan.jablonski@email.pl,Silver
685,Czesław Kozłowski,czeslaw.kozlowski@email.pl,Silver
686,Bożena Kwiatkowski,bozena.kwiatkowski@email.pl,Bronze
687,Roksana Piotrowski,roksana.piotrowski@email.pl,Bronze
688,Edward Czerwiński,edward.czerwinski@email.pl,Bronze
689,Edyta Wróbel,edyta.wrobel@email.pl,Bronze
690,Barbara Stępień,barbara.stepien@email.pl,Gold
691,Krystyna Kozłowski,krystyna.kozlowski@email.pl,Gold
692,Monika Piotrowski,monika.piotrowski@email.pl,Silver
693,Karolina Wojciechowski,karolina.wojciechowski@email.pl,Gold
694,Artur Wróblewski,artur.wroblewski@email.pl,Silver
695,Dawid Głowacki,dawid.glowacki@email.pl,Gold
696,Małgorzata Grzelak,malgorzata.grzelak@email.pl,Gold
697,Marcin Głowacki,marcin.glowacki@email.pl,Silver
698,Barbara Jankowski,barbara.jankowski@email.pl,Silver
699,Iwona Konopka,iwona.konopka@email.pl,Silver
700,Emil Król,emil.krol@email.pl,Bronze
701,Elżbieta Wróbel,elzbieta.wrobel@email.pl,Silver
702,Katarzyna Makowski,katarzyna.makowski@email.pl,Gold
703,Iwona Woźniak,iwona.wozniak@email.pl,Gold
704,Mirosław Olszewski,miroslaw.olszewski@email.pl,Silver
705,Mateusz Łuczak,mateusz.luczak@email.pl,Silver
706,Łukasz Kozłowski,lukasz.kozlowski@email.pl,Gold
707,Ewelina Ostrowski,ewelina.ostrowski@email.pl,Gold
708,Józef Szewczyk,jozef.szewczyk@email.pl,Silver
709,Adrian Brzeziński,adrian.brzezinski@email.pl,Gold
710,Damian Sokołowski,damian.sokolowski@email.pl,Gold
711,Monika Tomaszewski,monika.tomaszewski@email.pl,Bronze
712,Beata Jarosz,beata.jarosz@email.pl,Gold
713,Dorota Wasilewski,dorota.wasilewski@email.pl,Gold
714,Przemysław Kania,przemyslaw.kania@email.pl,Silver
715,Beata Kowal,beata.kowal@email.pl,Gold
716,Karolina Czerwiński,karolina.czerwinski@email.pl,Silver
717,Michał Szewczyk,michal.szewczyk@email.pl,Bronze
718,Czesław Wasilewski,czeslaw.wasilewski@email.pl,Silver
719,Radosław Konopka,radoslaw.konopka@email.pl,Bronze
720,Czesław Sawicki,czeslaw.sawicki@email.pl,Silver
721,Małgorzata Wojciechowski,malgorzata.wojciechowski@email.pl,Gold
722,Roksana Urbaniak,roksana.urbaniak@email.pl,Bronze
723,Andrzej Sowa,andrzej.sowa@email.pl,Gold
724,Mirosław Wawrzyniak,miroslaw.wawrzyniak@email.pl,Bronze
725,Cezary Zalewski,cezary.zalewski@email.pl,Silver
726,Jan Laskowski,jan.laskowski@email.pl,Silver
727,Barbara Pietrzak,barbara.pietrzak@email.pl,Silver
728,Jarosław Pietrzak,jaroslaw.pietrzak@email.pl,Bronze
729,Alan Przybylski,alan.przybylski@email.pl,Bronze
730,Jacek Sobczak,jacek.sobczak@email.pl,Gold
731,Aleksander Kozak,aleksander.kozak@email.pl,Gold
732,Jacek Wróblewski,jacek.wroblewski@email.pl,Silver
733,Nikodem Szulc,nikodem.szulc@email.pl,Gold
734,Halina Nowakowski,halina.nowakowski@email.pl,Bronze
735,Bartosz Borkowski,bartosz.borkowski@email.pl,Gold
736,Klaudia Kwiatkowski,klaudia.kwiatkowski@email.pl,Bronze
737,Adam Zalewski,adam.zalewski@email.pl,Silver
738,Alan Góra,alan.gora@email.pl,Bronze
739,Ewelina Wysocki,ewelina.wysocki@email.pl,Bronze
740,Julia Sawicki,julia.sawicki@email.pl,Silver
741,Konrad Sokołowski,konrad.sokolowski@email.pl,Gold
742,Dominik Duda,dominik.duda@email.pl,Gold
743,Małgorzata Mróz,malgorzata.mroz@email.pl,Bronze
744,Adrian Wierzbicki,adrian.wierzbicki@email.pl,Bronze
745,Karolina Wójcik,karolina.wojcik@email.pl,Bronze
746,Anna Łuczak,anna.luczak@email.pl,Bronze
747,Łukasz Adamczyk,lukasz.adamczyk@email.pl,Gold
748,Danuta Wróbel,danuta.wrobel@email.pl,Bronze
749,Filip Kalinowski,filip.kalinowski@email.pl,Bronze
750,Aleksander Wasilewski,aleksander.wasilewski@email.pl,Silver
751,Bożena Sikora,bozena.sikora@email.pl,Gold
752,Barbara Jankowski,barbara.jankowski@email.pl,Bronze
753,Halina Duda,halina.duda@email.pl,Bronze
754,Danuta Jakubowski,danuta.jakubowski@email.pl,Gold
755,Radosław Kołodziej,radoslaw.kolodziej@email.pl,Silver
756,Roksana Szatkowski,roksana.szatkowski@email.pl,Silver
757,Aleksander Kasprzak,aleksander.kasprzak@email.pl,Gold
758,Monika Głowacki,monika.glowacki@email.pl,Bronze
759,Andrzej Zając,andrzej.zajac@email.pl,Silver
760,Edyta Kozak,edyta.kozak@email.pl,Silver
761,Wiktor Malinowski,wiktor.malinowski@email.pl,Bronze
762,Agata Kopeć,agata.kopec@email.pl,Gold
763,Franciszek Sowa,franciszek.sowa@email.pl,Bronze
764,Zofia Kasprzak,zofia.kasprzak@email.pl,Bronze
765,Daniel Góra,daniel.gora@email.pl,Bronze
766,Iga Wierzbicki,iga.wierzbicki@email.pl,Silver
767,Franciszek Zieliński,franciszek.zielinski@email.pl,Gold
768,Irena Majewski,irena.majewski@email.pl,Bronze
769,Dawid Baran,dawid.baran@email.pl,Silver
770,Iga Pawlak,iga.pawlak@email.pl,Gold
771,Jan Kopeć,jan.kopec@email.pl,Silver
772,Barbara Jakubowski,barbara.jakubowski@email.pl,Silver
773,Dawid Karpiński,dawid.karpinski@email.pl,Bronze
774,Michał Bąk,michal.bak@email.pl,Bronze
775,Magdalena Wieczorek,magdalena.wieczorek@email.pl,Silver
776,Adrian Kamiński,adrian.kaminski@email.pl,Gold
777,Jan Ślusarczyk,jan.slusarczyk@email.pl,Silver
778,Hubert Szulc,hubert.szulc@email.pl,Gold
779,Damian Sikora,damian.sikora@email.pl,Gold
780,Olaf Stępień,olaf.stepien@email.pl,Gold
781,Sebastian Woźniak,sebastian.wozniak@email.pl,Silver
782,Agnieszka Sowa,agnieszka.sowa@email.pl,Silver
783,Wiktor Borkowski,wiktor.borkowski@email.pl,Silver
784,Krystian Zakrzewski,krystian.zakrzewski@email.pl,Silver
785,Dawid Nowakowski,dawid.nowakowski@email.pl,Gold
786,Marta Ostrowski,marta.ostrowski@email.pl,Silver
787,Bogdan Klimczak,bogdan.klimczak@email.pl,Silver
788,Weronika Makowski,weronika.makowski@email.pl,Silver
789,Kazimierz Karpiński,kazimierz.karpinski@email.pl,Bronze
790,Agata Mazur,agata.mazur@email.pl,Bronze
791,Krystyna Szulc,krystyna.szulc@email.pl,Silver
792,Jerzy Górski,jerzy.gorski@email.pl,Bronze
793,Błażej Ostrowski,blazej.ostrowski@email.pl,Gold
794,Łukasz Szatkowski,lukasz.szatkowski@email.pl,Silver
795,Weronika Majewski,weronika.majewski@email.pl,Silver
796,Czesław Kucharski,czeslaw.kucharski@email.pl,Gold
797,Szymon Wojciechowski,szymon.wojciechowski@email.pl,Bronze
798,Franciszek Ślusarczyk,franciszek.slusarczyk@email.pl,Bronze
799,Kacper Karpiński,kacper.karpinski@email.pl,Gold
800,Katarzyna Stępień,katarzyna.stepien@email.pl,Gold
801,Hubert Wróblewski,hubert.wroblewski@email.pl,Bronze
802,Arkadiusz Szatkowski,arkadiusz.szatkowski@email.pl,Silver
803,Dariusz Czarnecki,dariusz.czarnecki@email.pl,Silver
804,Aleksander Sowa,aleksander.sowa@email.pl,Gold
805,Dariusz Adamczyk,dariusz.adamczyk@email.pl,Silver
806,Mieczysław Czarnecki,mieczyslaw.czarnecki@email.pl,Gold
807,Kamil Szatkowski,kamil.szatkowski@email.pl,Gold
808,Janusz Kowalczyk,janusz.kowalczyk@email.pl,Gold
809,Halina Chmielewski,halina.chmielewski@email.pl,Gold
810,Patryk Szewczyk,patryk.szewczyk@email.pl,Gold
811,Oskar Olszewski,oskar.olszewski@email.pl,Bronze
812,Marta Laskowski,marta.laskowski@email.pl,Silver
813,Adam Krawczyk,adam.krawczyk@email.pl,Gold
814,Anna Michalski,anna.michalski@email.pl,Silver
815,Adam Lis,adam.lis@email.pl,Silver
816,Karolina Ostrowski,karolina.ostrowski@email.pl,Bronze
817,Ewelina Sowa,ewelina.sowa@email.pl,Silver
818,Danuta Kwiatkowski,danuta.kwiatkowski@email.pl,Silver
819,Roksana Pietrzak,roksana.pietrzak@email.pl,Gold
820,Robert Zakrzewski,robert.zakrzewski@email.pl,Gold
821,Adrian Dąbrowski,adrian.dabrowski@email.pl,Bronze
822,Paweł Kowalczyk,pawel.kowalczyk@email.pl,Gold
823,Joanna Jaworski,joanna.jaworski@email.pl,Gold
824,Daniel Sadowski,daniel.sadowski@email.pl,Bronze
825,Klaudia Woźniak,klaudia.wozniak@email.pl,Gold
826,Bartosz Kędzierski,bartosz.kedzierski@email.pl,Silver
827,Filip Malinowski,filip.malinowski@email.pl,Silver
828,Dominik Kopeć,dominik.kopec@email.pl,Silver
829,Alicja Zalewski,alicja.zalewski@email.pl,Silver
830,Jan Nowak,jan.nowak@email.pl,Gold
831,Józef Majewski,jozef.majewski@email.pl,Silver
832,Marek Mikołajczyk,marek.mikolajczyk@email.pl,Gold
833,Jacek Stasiak,jacek.stasiak@email.pl,Silver
834,Marek Wróbel,marek.wrobel@email.pl,Gold
835,Karolina Wesołowski,karolina.wesolowski@email.pl,Bronze
836,Szymon Konopka,szymon.konopka@email.pl,Bronze
837,Oskar Wierzbicki,oskar.wierzbicki@email.pl,Silver
838,Szymon Lis,szymon.lis@email.pl,Gold
839,Krystian Ślusarczyk,krystian.slusarczyk@email.pl,Gold
840,Karolina Borkowski,karolina.borkowski@email.pl,Bronze
841,Weronika Majewski,weronika.majewski@email.pl,Silver
842,Robert Piotrowski,robert.piotrowski@email.pl,Silver
843,Grzegorz Tomaszewski,grzegorz.tomaszewski@email.pl,Silver
844,Mariusz Pawlak,mariusz.pawlak@email.pl,Silver
845,Klaudia Laskowski,klaudia.laskowski@email.pl,Gold
846,Oliwia Michalak,oliwia.michalak@email.pl,Gold
847,Kamil Jakubowski,kamil.jakubowski@email.pl,Gold
848,Iga Nowakowski,iga.nowakowski@email.pl,Bronze
849,Szymon Sowa,szymon.sowa@email.pl,Gold
850,Weronika Kucharski,weronika.kucharski@email.pl,Silver
851,Beata Kopeć,beata.kopec@email.pl,Silver
852,Justyna Zalewski,justyna.zalewski@email.pl,Gold
853,Joanna Włodarczyk,joanna.wlodarczyk@email.pl,Gold
854,Adrian Tomaszewski,adrian.tomaszewski@email.pl,Bronze
855,Maria Kwiatkowski,maria.kwiatkowski@email.pl,Bronze
856,Adrian Stępień,adrian.stepien@email.pl,Gold
857,Oliwia Sobczak,oliwia.sobczak@email.pl,Bronze
858,Grzegorz Grzelak,grzegorz.grzelak@email.pl,Silver
859,Jacek Kucharski,jacek.kucharski@email.pl,Silver
860,Marcin Jankowski,marcin.jankowski@email.pl,Bronze
861,Elżbieta Walczak,elzbieta.walczak@email.pl,Silver
862,Czesław Wieczorek,czeslaw.wieczorek@email.pl,Gold
863,Damian Michalski,damian.michalski@email.pl,Silver
864,Maria Zając,maria.zajac@email.pl,Bronze
865,Aleksander Kasprzak,aleksander.kasprzak@email.pl,Bronze
866,Natalia Kędzierski,natalia.kedzierski@email.pl,Silver
867,Mariusz Baran,mariusz.baran@email.pl,Bronze
868,Hanna Wróblewski,hanna.wroblewski@email.pl,Gold
869,Mariusz Wawrzyniak,mariusz.wawrzyniak@email.pl,Gold
870,Czesław Krawczyk,czeslaw.krawczyk@email.pl,Gold
871,Marcin Wierzbicki,marcin.wierzbicki@email.pl,Bronze
872,Irena Brzeziński,irena.brzezinski@email.pl,Gold
873,Arkadiusz Szymański,arkadiusz.szymanski@email.pl,Silver
874,Błażej Brzeziński,blazej.brzezinski@email.pl,Silver
875,Patryk Kania,patryk.kania@email.pl,Silver
876,Kazimierz Zakrzewski,kazimierz.zakrzewski@email.pl,Silver
877,Mirosław Szatkowski,miroslaw.szatkowski@email.pl,Bronze
878,Dominik Jarosz,dominik.jarosz@email.pl,Gold
879,Nikodem Górski,nikodem.gorski@email.pl,Bronze
880,Olaf Wróbel,olaf.wrobel@email.pl,Gold
881,Czesław Wawrzyniak,czeslaw.wawrzyniak@email.pl,Bronze
882,Elżbieta Nowak,elzbieta.nowak@email.pl,Gold
883,Małgorzata Grzelak,malgorzata.grzelak@email.pl,Gold
884,Bogdan Nowicki,bogdan.nowicki@email.pl,Silver
885,Oliwia Zieliński,oliwia.zielinski@email.pl,Silver
886,Wojciech Szczepański,wojciech.szczepanski@email.pl,Gold
887,Igor Bąk,igor.bak@email.pl,Bronze
888,Roksana Kołodziej,roksana.kolodziej@email.pl,Silver
889,Radosław Kamiński,radoslaw.kaminski@email.pl,Gold
890,Krystian Grzelak,krystian.grzelak@email.pl,Gold
891,Edward Szczepański,edward.szczepanski@email.pl,Silver
892,Jakub Adamczyk,jakub.adamczyk@email.pl,Bronze
893,Iga Kasprzak,iga.kasprzak@email.pl,Gold
894,Mirosław Kędzierski,miroslaw.kedzierski@email.pl,Gold
895,Alicja Kowalczyk,alicja.kowalczyk@email.pl,Bronze
896,Hubert Kalinowski,hubert.kalinowski@email.pl,Gold
897,Maria Wierzbicki,maria.wierzbicki@email.pl,Gold
898,Robert Tomaszewski,robert.tomaszewski@email.pl,Gold
899,Antoni Kalinowski,antoni.kalinowski@email.pl,Gold
900,Marta Jankowski,marta.jankowski@email.pl,Bronze
901,Jerzy Sowa,jerzy.sowa@email.pl,Bronze
902,Przemysław Majewski,przemyslaw.majewski@email.pl,Bronze
903,Emil Bąk,emil.bak@email.pl,Gold
904,Kazimierz Nowak,kazimierz.nowak@email.pl,Silver
905,Dominik Kowalski,dominik.kowalski@email.pl,Gold
906,Edward Sokołowski,edward.sokolowski@email.pl,Gold
907,Maciej Przybylski,maciej.przybylski@email.pl,Silver
908,Paweł Sobczak,pawel.sobczak@email.pl,Gold
909,Bożena Szczepański,bozena.szczepanski@email.pl,Silver
910,Dawid Łuczak,dawid.luczak@email.pl,Gold
911,Zofia Michalski,zofia.michalski@email.pl,Silver
912,Marta Wysocki,marta.wysocki@email.pl,Gold
913,Edward Sowa,edward.sowa@email.pl,Silver
914,Adrian Nowak,adrian.nowak@email.pl,Gold
915,Marta Zając,marta.zajac@email.pl,Silver
916,Edyta Baran,edyta.baran@email.pl,Gold
917,Oskar Szczepański,oskar.szczepanski@email.pl,Bronze
918,Wojciech Laskowski,wojciech.laskowski@email.pl,Bronze
919,Małgorzata Michalak,malgorzata.michalak@email.pl,Silver
920,Elżbieta Szczepański,elzbieta.szczepanski@email.pl,Gold
921,Beata Karpiński,beata.karpinski@email.pl,Gold
922,Emil Kopeć,emil.kopec@email.pl,Gold
923,Julia Wójcik,julia.wojcik@email.pl,Silver
924,Kazimierz Grabowski,kazimierz.grabowski@email.pl,Bronze
925,Franciszek Konopka,franciszek.konopka@email.pl,Gold
926,Janusz Urbaniak,janusz.urbaniak@email.pl,Gold
927,Gabriel Górski,gabriel.gorski@email.pl,Bronze
928,Jakub Majewski,jakub.majewski@email.pl,Bronze
929,Radosław Jaworski,radoslaw.jaworski@email.pl,Silver
930,Bożena Borkowski,bozena.borkowski@email.pl,Bronze
931,Grzegorz Zakrzewski,grzegorz.zakrzewski@email.pl,Silver
932,Mariusz Mazur,mariusz.mazur@email.pl,Bronze
933,Krystian Jakubowski,krystian.jakubowski@email.pl,Silver
934,Iga Duda,iga.duda@email.pl,Silver
935,Roksana Olszewski,roksana.olszewski@email.pl,Silver
936,Grzegorz Sadowski,grzegorz.sadowski@email.pl,Bronze
937,Dariusz Zakrzewski,dariusz.zakrzewski@email.pl,Bronze
938,Ewa Michalski,ewa.michalski@email.pl,Silver
939,Franciszek Sawicki,franciszek.sawicki@email.pl,Silver
940,Irena Malinowski,irena.malinowski@email.pl,Gold
941,Monika Mazur,monika.mazur@email.pl,Bronze
942,Dawid Wróbel,dawid.wrobel@email.pl,Bronze
943,Aleksander Malinowski,aleksander.malinowski@email.pl,Silver
944,Bartosz Sawicki,bartosz.sawicki@email.pl,Bronze
945,Adrian Zając,adrian.zajac@email.pl,Bronze
946,Mirosław Lewandowski,miroslaw.lewandowski@email.pl,Silver
947,Łukasz Borkowski,lukasz.borkowski@email.pl,Gold
948,Józef Majewski,jozef.majewski@email.pl,Silver
949,Rafał Ślusarczyk,rafal.slusarczyk@email.pl,Bronze
950,Barbara Kania,barbara.kania@email.pl,Gold
951,Filip Ślusarczyk,filip.slusarczyk@email.pl,Bronze
952,Dominik Dąbrowski,dominik.dabrowski@email.pl,Bronze
953,Ewa Gajewski,ewa.gajewski@email.pl,Silver
954,Marcin Sobczak,marcin.sobczak@email.pl,Bronze
955,Weronika Nowak,weronika.nowak@email.pl,Bronze
956,Hanna Kania,hanna.kania@email.pl,Silver
957,Elżbieta Jankowski,elzbieta.jankowski@email.pl,Silver
958,Rafał Kozak,rafal.kozak@email.pl,Bronze
959,Hanna Nowakowski,hanna.nowakowski@email.pl,Bronze
960,Konrad Wójcik,konrad.wojcik@email.pl,Gold
961,Oliwia Michalski,oliwia.michalski@email.pl,Bronze
962,Natalia Jakubowski,natalia.jakubowski@email.pl,Bronze
963,Dariusz Przybylski,dariusz.przybylski@email.pl,Bronze
964,Barbara Jarosz,barbara.jarosz@email.pl,Bronze
965,Ewa Szatkowski,ewa.szatkowski@email.pl,Silver
966,Alan Kucharski,alan.kucharski@email.pl,Silver
967,Bogdan Mazur,bogdan.mazur@email.pl,Gold
968,Dorota Nowakowski,dorota.nowakowski@email.pl,Silver
969,Janusz Łuczak,janusz.luczak@email.pl,Silver
970,Wiktor Lewandowski,wiktor.lewandowski@email.pl,Gold
971,Joanna Wysocki,joanna.wysocki@email.pl,Gold
972,Małgorzata Grabowski,malgorzata.grabowski@email.pl,Gold
973,Radosław Górski,radoslaw.gorski@email.pl,Gold
974,Alicja Góra,alicja.gora@email.pl,Silver
975,Damian Kaczmarek,damian.kaczmarek@email.pl,Gold
976,Adrian Szulc,adrian.szulc@email.pl,Gold
977,Marek Wawrzyniak,marek.wawrzyniak@email.pl,Gold
978,Dariusz Pawłowski,dariusz.pawlowski@email.pl,Gold
979,Krzysztof Kamiński,krzysztof.kaminski@email.pl,Bronze
980,Natalia Grabowski,natalia.grabowski@email.pl,Bronze
981,Patryk Zalewski,patryk.zalewski@email.pl,Silver
982,Iwona Borkowski,iwona.borkowski@email.pl,Silver
983,Mateusz Nowakowski,mateusz.nowakowski@email.pl,Bronze
984,Aleksander Laskowski,aleksander.laskowski@email.pl,Bronze
985,Adam Laskowski,adam.laskowski@email.pl,Silver
986,Roksana Przybylski,roksana.przybylski@email.pl,Silver
987,Janusz Łuczak,janusz.luczak@email.pl,Bronze
988,Alicja Mikołajczyk,alicja.mikolajczyk@email.pl,Bronze
989,Monika Sadowski,monika.sadowski@email.pl,Silver
990,Wojciech Jaworski,wojciech.jaworski@email.pl,Gold
991,Oskar Szewczyk,oskar.szewczyk@email.pl,Bronze
992,Mieczysław Kania,mieczyslaw.kania@email.pl,Bronze
993,Konrad Jabłoński,konrad.jablonski@email.pl,Silver
994,Barbara Olszewski,barbara.olszewski@email.pl,Silver
995,Justyna Mróz,justyna.mroz@email.pl,Gold
996,Karolina Lewandowski,karolina.lewandowski@email.pl,Gold
997,Joanna Grabowski,joanna.grabowski@email.pl,Bronze
998,Mariusz Sokołowski,mariusz.sokolowski@email.pl,Gold
999,Arkadiusz Borkowski,arkadiusz.borkowski@email.pl,Silver
1000,Andrzej Zakrzewski,andrzej.zakrzewski@email.pl,Gold
